kwartaal,VS_bbp_volumeindex_2010,EU27_bbp_volumeindex_2020,VS_reele_export_mrd_USD2017_SAAR,EU27_extra_export_mln_EUR_SA,EU27_exportprijsfactor_benadering,EU27_reele_extra_export_proxy
2021-Q1,125.565,103.529,2247.373,792886.2,15868.78317680686,49.96515430110916
2021-Q2,127.702,105.692,2270.167,811965.5,16201.948352756306,50.115299859097924
2021-Q3,128.756,107.528,2268.632,833609.8,16667.577439570276,50.0138549241678
2021-Q4,130.965,108.474,2402.502,901614.3,17209.001449187326,52.392017204611115
2022-Q1,130.632,109.25,2377.526,952761.3,17913.758056519582,53.18600915530672
2022-Q2,130.836,110.184,2451.687,991860.5,18672.39106708085,53.11909419831268
2022-Q3,131.781,110.729,2538.933,1029122.3,19080.045572379175,53.937098635119995
2022-Q4,132.69,110.535,2520.098,1048672.8,19065.00148750496,55.00512552738542
2023-Q1,133.651,110.483,2543.543,1015121.8,18923.675677477975,53.64295062444702
2023-Q2,134.49,110.598,2509.264,994241.3,18764.99260578765,52.98383649207238
2023-Q3,136.041,110.937,2536.726,998239.1,18613.63333978931,53.629459750134906
2023-Q4,137.19,110.943,2574.628,1011150.7,18721.288613708337,54.01074257567946
2024-Q1,137.477,111.538,2603.639,1022674.8,18726.801811192367,54.61022177256035
2024-Q2,138.695,111.827,2607.96,1057211.1,18867.819468444006,56.032500298625465
2024-Q3,139.839,112.405,2664.338,1032354.1,18930.201470368585,54.53476560278253
2024-Q4,140.482,112.912,2658.454,1044697.4,19052.58839842847,54.83230824879262
2025-Q1,140.253,113.388,2659.528,1108851.2,19116.583122781078,58.004675463084766
2025-Q2,141.58,113.563,2647.279,1052244.1,18918.50763281091,55.61982585640439
2025-Q3,143.104,114.021,2708.774,1043533.3,18879.54459141705,55.273224147282
2025-Q4,143.276,114.324,2686.754,1057754.4,18949.4703313144,55.81973435173217
2026-Q1,144.019,114.399,2756.983,1062504.3,19162.45795455462,55.44718232493026
2026-Q2,144.55,115.144,2787.519,1107329.3,19587.244252020195,56.53318484992048
